drugName,availability
Medroxyprogesterone,Prescription only
Silodosin,Prescription only
Resorcinol / sulfur,Availability information not found.
Methylin ER,Prescription only
Clemastine,Rx and/or OTC
Pentosan polysulfate sodium,Prescription only
Metoprolol Tartrate,Prescription only
Xeljanz XR,Prescription only
Rituxan,Prescription only
Torsemide,Prescription only
Levo-Dromoran,Availability information not found.
Fenoprofen,Prescription only
Metronidazole,Prescription only
Sumatriptan,Prescription only
Ibudone,Discontinued
Ultram ODT,Discontinued
Eluxadoline,Prescription only
Simply Sleep,Rx and/or OTC
Zolmitriptan,Prescription only
Desloratadine / pseudoephedrine,Prescription only
Salonpas Pain Patch,Rx and/or OTC
Pentobarbital,Prescription only
Peppermint,Unknown
Mestranol / norethindrone,Discontinued
Polyethylene glycol 3350,Rx and/or OTC
Eslicarbazepine,Prescription only
Metformin,Prescription only
Clobex,Prescription only
Dalmane,Discontinued
Chloromycetin,Availability information not found.
Maraviroc,Prescription only
Calci-Chew,Over the counter
Camrese,Availability information not found.
Plaquenil,Prescription only
Diltiazem,Prescription only
Mydayis,Prescription only
Vanoxide-HC,Prescription only
Dynacin,Prescription only
Belbuca,Availability information not found.
Cefixime,Prescription only
Acetaminophen / pamabrom,Rx and/or OTC
Acrivastine / pseudoephedrine,Prescription only
Cranberry,Over the counter
Reclast,Prescription only
Adalat CC,Prescription only
Tiagabine,Prescription only
Vivelle,Prescription only
Claritin-D 24 Hour,Over the counter
Nitrofurantoin,Prescription only
Miglitol,Prescription only
Talacen,Availability information not found.
Terazol 3,Discontinued
Arnuity Ellipta,Prescription only
Altabax,Prescription only
Insulin detemir,Prescription only
Reyataz,Prescription only
Belladonna Tincture,Prescription only
Fletchers Castoria,Rx and/or OTC
Vagistat-1,Over the counter
Lorcet 10 / 650,Discontinued
Onzetra Xsail,Availability information not found.
Formoterol,Availability information not found.
Marplan,Prescription only
Darvocet A500,Discontinued
Methitest,Prescription only
Fioricet,Prescription only
Ogen,Prescription only
Cefpodoxime,Prescription only
Zenchent,Prescription only
Suprax,Prescription only
GoLYTELY,Prescription only
Lactobacillus acidophilus,Over the counter
Seroquel XR,Prescription only
Risedronate,Prescription only
Nafarelin,Availability information not found.
Junel Fe 24,Availability information not found.
Norvir,Prescription only
Goody's Headache Powders,Over the counter
Codeine,Prescription only
Acetaminophen / aspirin / caffeine / salicylamide,Availability information not found.
Didrex,Discontinued
Acarbose,Prescription only
Belviq,Discontinued
Capsaicin,Availability information not found.
Perphenazine,Prescription only
Orsythia,Prescription only
Nimodipine,Prescription only
Zonisamide,Prescription only
Cryselle,Availability information not found.
Sovaldi,Prescription only
Ciclodan,Prescription only
Donnatal,Prescription only
Almotriptan,Prescription only
Bonine,Rx and/or OTC
Actifed,Rx and/or OTC
Aldactone,Prescription only
Oxytrol,Prescription only
Loxapine,Prescription only
Sectral,Discontinued
Claritin-D,Over the counter
Activella,Prescription only
Gris-PEG,Prescription only
Proventil,Availability information not found.
Opana,Discontinued
Edex,Prescription only
Minastrin 24 Fe,Prescription only
Enjuvia,Discontinued
Gralise,Prescription only
Tryptophan,Availability information not found.
Monodox,Prescription only
Ocella,Prescription only
Wellbutrin XL,Prescription only
Sodium biphosphate / sodium phosphate,Availability information not found.
Primidone,Prescription only
Beyaz,Prescription only
Paxil CR,Prescription only
Glucophage XR,Discontinued
Aluminum chloride hexahydrate,Rx and/or OTC
Monistat 7-Day Combination Pack,Availability information not found.
Xanax,Prescription only
Vivactil,Prescription only
All Day Allergy,Rx and/or OTC
Zolpidem,Prescription only
Evening Primrose Oil,Over the counter
Viagra,Prescription only
Clobetasol,Availability information not found.
Norfloxacin,Discontinued
Cefuroxime,Prescription only
Lo Loestrin Fe,Prescription only
Emoquette,Prescription only
Axiron,Discontinued
Hyosyne,Prescription only
Breo Ellipta,Prescription only
Spironolactone,Prescription only
Mononessa,Discontinued
Gemfibrozil,Prescription only
Terbinafine,Prescription only
Welchol,Prescription only
Rhofade,Prescription only
Drospirenone / ethinyl estradiol / levomefolate calcium,Availability information not found.
Rilutek,Prescription only
Telmisartan,Prescription only
Mycophenolate mofetil,Prescription only
Glimepiride,Prescription only
Vitapap,Rx and/or OTC
Pramipexole,Prescription only
Trulicity,Availability information not found.
Fastin,Prescription only
Copegus,Discontinued
Metaxalone,Prescription only
Diovan HCT,Prescription only
Caffeine / ergotamine,Rx and/or OTC
Azilsartan medoxomil,Prescription only
Loryna,Prescription only
Acanya,Prescription only
Levothroid,Prescription only
Capzasin-HP,Rx and/or OTC
Osteo Bi-Flex,Rx and/or OTC
Colace,Rx and/or OTC
PEG-3350 with Electolytes,Prescription only
Atripla,Prescription only
Parnate,Prescription only
Ortho Micronor,Discontinued
Elbasvir / grazoprevir,Prescription only
Etanercept,Prescription only
Vardenafil,Prescription only
Glyxambi,Prescription only
Jalyn,Prescription only
Ionamin,Prescription only
Xolair,Prescription only
Otrexup,Availability information not found.
Sinemet,Prescription only
Raltegravir,Prescription only
Amphetamine / dextroamphetamine,Prescription only
Bydureon,Availability information not found.
Megestrol,Prescription only
Thioridazine,Prescription only
Beclomethasone,Availability information not found.
Lagesic,Availability information not found.
Triamcinolone,Prescription only
Ortho-Cept,Discontinued
Testopel,Prescription only
CamreseLo,Availability information not found.
Patanase,Prescription only
Myrbetriq,Prescription only
Nytol,Availability information not found.
Juleber,Prescription only
Cardura XL,Prescription only
Testim,Prescription only
Buprenorphine / naloxone,Availability information not found.
Polycarbophil,Over the counter
Coal tar / salicylic acid / sulfur,Availability information not found.
Tenoretic 50,Prescription only
Mylanta,Over the counter
Enstilar,Prescription only
Ethinyl estradiol / norethindrone,Availability information not found.
Tecfidera,Prescription only
Yaz,Prescription only
Copaxone,Prescription only
Unisom SleepTabs,Rx and/or OTC
DesOwen,Prescription only
ProCentra,Prescription only
Phillips' Milk of Magnesia,Rx and/or OTC
Tretin-X,Prescription only
Flexeril,Discontinued
ClearLax,Rx and/or OTC
Errin,Prescription only
Corzide 80 / 5,Prescription only
Toprol-XL,Prescription only
Zantryl,Prescription only
Salicylic acid / sulfur,Availability information not found.
Dyanavel XR,Prescription only
Ethinyl estradiol / etonogestrel,Availability information not found.
Embeda,Discontinued
PanOxyl 10% Acne Foaming Wash,Availability information not found.
Voltaren,Prescription only
Proctofoam,Rx and/or OTC
Ivermectin,Prescription only
Bupap,Prescription only
Alendronate,Prescription only
Alosetron,Prescription only
Guaifenesin / hydrocodone,Prescription only
Depo-Medrol,Availability information not found.
Hydrochlorothiazide / losartan,Prescription only
Aptensio XR,Prescription only
Cyred,Prescription only
Rosula,Prescription only
Enablex,Discontinued
Solifenacin,Prescription only
Chlordiazepoxide,Prescription only
Pregabalin,Prescription only
Macrobid,Prescription only
Cambia,Prescription only
Hyoscyamine / methenamine / methylene blue / phenyl salicylate,Availability information not found.
Metformin / sitagliptin,Prescription only
Vimpat,Prescription only
Nucynta,Prescription only
Zileuton,Prescription only
Zostrix,Rx and/or OTC
Orphenadrine,Prescription only
Amlodipine / telmisartan,Prescription only
Ramelteon,Prescription only
Avonex Pen,Prescription only
Paliperidone,Prescription only
Focalin XR,Prescription only
Necon 7 / 7 / 7,Prescription only
Zaleplon,Prescription only
Benzoyl peroxide / erythromycin,Availability information not found.
Trimethobenzamide,Prescription only
Pitavastatin,Prescription only
Infliximab,Prescription only
Baclofen,Prescription only
Treximet,Prescription only
Pramoxine,Rx and/or OTC
Adoxa,Prescription only
Alefacept,Discontinued
HyoMax SL,Prescription only
Lidocaine,Availability information not found.
Staxyn,Discontinued
Luminal,Availability information not found.
Cesamet,Prescription only
Candesartan,Prescription only
Tranxene,Availability information not found.
Apremilast,Prescription only
Methadone,Prescription only
Natalizumab,Prescription only
Chlorzoxazone,Prescription only
Hycodan,Prescription only
WP Thyroid,Prescription only
Hydrochlorothiazide / spironolactone,Prescription only
Saphris,Prescription only
Amethyst,Prescription only
Tretinoin,Prescription only
Tolterodine,Prescription only
HyoMax,Prescription only
Telaprevir,Availability information not found.
Headache Relief PM,Over the counter
Polyethylene glycol 3350 with electrolytes,Availability information not found.
Horizant,Prescription only
Desonide,Availability information not found.
Amitriptyline / perphenazine,Prescription only
Tresiba,Prescription only
Deplin,Prescription only
Avodart,Prescription only
Compazine,Rx and/or OTC
Lipitor,Prescription only
Hylan g-f 20,Prescription only
Diovan,Prescription only
Evamist,Prescription only
Tofacitinib,Prescription only
Flector Patch,Prescription only
Golimumab,Prescription only
Aspirin / meprobamate,Rx and/or OTC
Acetaminophen / phenyltoloxamine,Discontinued
Briellyn,Availability information not found.
Symax Duotab,Prescription only
Finasteride,Prescription only
Lidocaine Viscous,Prescription only
Arava,Prescription only
Supartz,Prescription only
Nabumetone,Prescription only
Saw palmetto,Over the counter
Ethinyl estradiol / norelgestromin,Availability information not found.
Lamisil,Prescription only
Kapvay,Prescription only
Sprintec,Prescription only
Ulipristal,Prescription only
Insulin degludec,Prescription only
Ultram,Discontinued
Cardizem LA,Prescription only
SMZ-TMP DS,Prescription only
Monurol,Prescription only
Mavyret,Prescription only
Buckleys Mixture,Rx and/or OTC
Enskyce,Prescription only
Imitrex,Prescription only
Lamictal ODT,Prescription only
Requip,Discontinued
Ceftibuten,Discontinued
Motrin Infant Drops,Rx and/or OTC
Pexeva,Prescription only
Dasetta 1 / 35,Prescription only
Flavoxate,Prescription only
Maprotiline,Discontinued
Dimenhydrinate,Rx and/or OTC
Aveed,Prescription only
Diphenhydramine / phenylephrine,Rx and/or OTC
Lexapro,Prescription only
Opcicon One-Step,Over the counter
GaviLyte-N,Prescription only
Moexipril,Prescription only
Topiramate,Prescription only
Oxy-10,Over the counter
Oxazepam,Prescription only
Rynatan,Rx and/or OTC
Benzoyl peroxide / sulfur,Availability information not found.
Klonopin,Prescription only
Victrelis,Availability information not found.
Anturol,Availability information not found.
Methscopolamine,Prescription only
Metaproterenol,Discontinued
Miconazole,Availability information not found.
Chlorpheniramine,Rx and/or OTC
Miacalcin,Prescription only
Lisinopril,Prescription only
Budesonide / formoterol,Prescription only
Doripenem,Discontinued
Ampicillin / sulbactam,Prescription only
Empagliflozin,Prescription only
Prinivil,Prescription only
Seasonique,Availability information not found.
Microgestin Fe 1 / 20,Prescription only
Valerian,Over the counter
Ethchlorvynol,Availability information not found.
Simeprevir,Discontinued
Junel Fe 1 / 20,Prescription only
Zoledronic acid,Prescription only
Tramadol,Prescription only
Bystolic,Prescription only
Cytoxan,Discontinued
Acnex,Availability information not found.
Zyrtec-D,Rx and/or OTC
Marezine,Discontinued
Tysabri,Prescription only
Minocycline,Prescription only
Migranal,Prescription only
Levofloxacin,Prescription only
Leader Nicotine Polacrilex,Rx and/or OTC
Fosamax,Prescription only
Cyclophosphamide,Prescription only
Midamor,Prescription only
Prilosec,Prescription only
Divigel,Availability information not found.
Anexsia,Prescription only
Ciclopirox,Availability information not found.
Efinaconazole,Availability information not found.
Coreg,Prescription only
Fentanyl,Prescription only
Meperidine,Prescription only
Chondroitin / glucosamine,Rx and/or OTC
Lillow,Prescription only
Feen-A-Mint,Over the counter
Diphenhydramine / pseudoephedrine,Discontinued
Cleocin HCl,Prescription only
Librium,Discontinued
Gynazole-1,Rx and/or OTC
Nizatidine,Rx and/or OTC
Dexchlorpheniramine,Prescription only
Zepatier,Prescription only
Vyvanse,Prescription only
Reclipsen,Prescription only
Septra DS,Prescription only
Adipex-P,Prescription only
Subsys,Availability information not found.
Aliskiren,Prescription only
EnteraGam,Availability information not found.
Albuterol,Prescription only
Bicillin L-A,Prescription only
Cylert,Discontinued
Urised,Availability information not found.
Myorisan,Prescription only
Liletta,Prescription only
Rosac,Prescription only
Adipost,Prescription only
Pennsaid,Prescription only
Contrave,Prescription only
Esomeprazole,Rx and/or OTC
Savella,Prescription only
Magnacet,Availability information not found.
Larin Fe 1 / 20,Availability information not found.
Isocarboxazid,Prescription only
Zanaflex,Prescription only
Pramlintide,Prescription only
Lamivudine,Prescription only
Reserpine,Discontinued
Prezcobix,Prescription only
Fluocinonide,Availability information not found.
Butoconazole,Availability information not found.
Darifenacin,Prescription only
Viekira Pak,Prescription only
Leuprolide,Prescription only
Acetaminophen / oxycodone,Prescription only
Sofosbuvir,Prescription only
Aubagio,Prescription only
Clonidine,Prescription only
Bisacodyl / polyethylene glycol 3350 / potassium chloride / sodium bicarbonate / sodium chloride,Availability information not found.
Altace,Prescription only
Mircette,Discontinued
Simcor,Discontinued
Tetracycline,Prescription only
Cosentyx,Prescription only
Dexilant,Prescription only
Temovate,Prescription only
Atenolol,Prescription only
Concerta,Prescription only
Tussigon,Prescription only
Beconase AQ,Prescription only
Enalapril,Prescription only
Xulane,Availability information not found.
Ryzolt,Discontinued
Prilosec OTC,Over the counter
Talwin Nx,Prescription only
Phenytoin,Prescription only
Chromium picolinate,Over the counter
Sronyx,Prescription only
Necon 1 / 50,Discontinued
Lomedia 24 Fe,Availability information not found.
Pepcid,Prescription only
Hydromorphone,Prescription only
Captopril,Prescription only
Desoximetasone,Availability information not found.
LoSeasonique,Prescription only
Calcipotriene,Availability information not found.
Vitamin B6,Rx and/or OTC
Acetaminophen / codeine,Prescription only
Ethinyl estradiol / norgestimate,Prescription only
Meprobamate,Prescription only
NuOx,Availability information not found.
Norgesic,Discontinued
Catapres,Prescription only
Ramipril,Prescription only
Nasacort,Over the counter
Axert,Discontinued
Fluoxetine,Prescription only
Phendimetrazine,Prescription only
Repatha,Prescription only
Rabeprazole,Prescription only
Modafinil,Prescription only
Chlor-Trimeton,Rx and/or OTC
Xartemis XR,Prescription only
Intal Inhaler,Prescription only
Sulfasalazine,Prescription only
Minocin,Prescription only
My Way,Over the counter
Detrol LA,Prescription only
Clindamycin,Prescription only
Ery-Tab,Prescription only
Sorbitol,Rx and/or OTC
Sulindac,Prescription only
Xenical,Prescription only
Maxidone,Prescription only
PEG3350,Rx and/or OTC
Gildess 24 Fe,Availability information not found.
Emsam,Prescription only
Lorcet,Discontinued
Tirosint,Prescription only
BenzEFoam Ultra,Availability information not found.
Thyroid desiccated,Prescription only
Talwin,Discontinued
Aristospan,Prescription only
Cimzia,Prescription only
Certolizumab,Prescription only
Flonase,Prescription only
Augmentin ES-600,Prescription only
Docusate,Rx and/or OTC
Prevacid OTC,Over the counter
Tapentadol,Prescription only
Caverject Impulse,Prescription only
Adapalene,Availability information not found.
Naproxen / sumatriptan,Rx and/or OTC
Propulsid,Discontinued
Cariprazine,Prescription only
R-Tanna,Discontinued
Prevacid SoluTab,Prescription only
Nubain,Prescription only
Sumavel DosePro,Availability information not found.
Trimethoprim,Prescription only
Doribax,Discontinued
Anaprox,Rx and/or OTC
Amnesteem,Prescription only
Amerge,Prescription only
Capzasin,Availability information not found.
Methadone Diskets,Prescription only
Ethinyl estradiol / levonorgestrel,Prescription only
Gabapentin,Prescription only
Azithromycin,Prescription only
Estraderm,Prescription only
Aczone,Prescription only
Flovent,Prescription only
Zyvox,Availability information not found.
TriLyte,Availability information not found.
Ustekinumab,Prescription only
Ethosuximide,Prescription only
Acetaminophen / caffeine / dihydrocodeine,Prescription only
Estazolam,Prescription only
Sotret,Prescription only
Pantoprazole,Prescription only
Armour Thyroid,Prescription only
Doryx,Prescription only
Allegra-D 24 Hour,Rx and/or OTC
Zolpimist,Prescription only
Carbidopa / levodopa,Prescription only
Nesina,Prescription only
Elmiron,Prescription only
Luvox CR,Prescription only
Maxalt,Prescription only
Indocin SR,Prescription only
Acticlate,Prescription only
Septra,Availability information not found.
Zofran ODT,Prescription only
Atelvia,Prescription only
Prascion RA,Availability information not found.
Ceftriaxone,Prescription only
Insulin lispro,Prescription only
Infumorph,Availability information not found.
Droperidol,Prescription only
Glimepiride / rosiglitazone,Prescription only
Lotronex,Prescription only
Spectracef,Discontinued
Ezetimibe,Prescription only
femhrt,Prescription only
QNASL,Prescription only
Ultram ER,Discontinued
Edarbyclor,Prescription only
Clozapine,Prescription only
Vicodin ES,Discontinued
Demerol,Prescription only
Esterified estrogens / methyltestosterone,Prescription only
Generlac,Prescription only
Flovent HFA,Prescription only
Onexton,Prescription only
Sharobel,Availability information not found.
Alesse,Discontinued
Tylenol with Codeine #3,Discontinued
Saxagliptin,Prescription only
Zipsor,Prescription only
Lanacane,Rx and/or OTC
Tri-Estarylla,Prescription only
Olysio,Discontinued
Acetaminophen / aspirin,Over the counter
Macrodantin,Prescription only
Fluticasone,Availability information not found.
Ritalin,Prescription only
Vibramycin,Prescription only
Naloxegol,Prescription only
Slo-Niacin,Rx and/or OTC
Prodrin,Discontinued
Bupropion / naltrexone,Prescription only
Immune globulin oral,Availability information not found.
Dextrostat,Prescription only
Fortical,Discontinued
Diastat,Prescription only
Effexor,Prescription only
Humira,Prescription only
Lotrel,Prescription only
Elavil,Discontinued
Meclizine,Rx and/or OTC
Phentercot,Availability information not found.
Roxicodone Intensol,Prescription only
Ranitidine,Discontinued
Palgic,Prescription only
MiraLax,Rx and/or OTC
Tums Regular Strength,Availability information not found.
Trilipix,Prescription only
Ventolin,Availability information not found.
Vandazole,Prescription only
BC Fast Pain Relief,Availability information not found.
Asmanex Twisthaler,Prescription only
Frovatriptan,Prescription only
Esomeprazole / naproxen,Prescription only
Oxymorphone,Prescription only
Ethinyl estradiol / ethynodiol,Availability information not found.
Stelazine,Prescription only
Acetaminophen / hydrocodone,Prescription only
Insulin isophane / insulin regular,Availability information not found.
Conjugated estrogens,Prescription only
Benazepril,Prescription only
Fluticasone / salmeterol,Prescription only
Levodopa,Prescription only
Jolivette,Discontinued
Niacin,Rx and/or OTC
Trileptal,Prescription only
Risperdal M-Tab,Prescription only
Mellaril,Discontinued
Avandamet,Discontinued
Azelaic acid,Availability information not found.
Hydrochlorothiazide / telmisartan,Prescription only
Belladonna / opium,Prescription only
Gildess 1.5 / 30,Availability information not found.
Tranxene SD,Prescription only
Calcitonin,Availability information not found.
Lantus Solostar,Prescription only
Chlordiazepoxide / clidinium,Prescription only
Vienva,Prescription only
Divalproex sodium,Prescription only
Morphine,Prescription only
Zyprexa Zydis,Prescription only
Hetlioz,Prescription only
Sprix,Availability information not found.
Rotigotine,Prescription only
Danazol,Prescription only
Penlac Nail Lacquer,Prescription only
Roxicet,Discontinued
Lansoprazole,Rx and/or OTC
Zyrtec,Rx and/or OTC
Amantadine,Prescription only
Insulin aspart / insulin aspart protamine,Prescription only
Moban,Discontinued
Avelox,Prescription only
Glucotrol,Prescription only
NuvaRing,Availability information not found.
Ovidrel,Prescription only
Ultravate,Prescription only
Lovastatin,Prescription only
Claravis,Prescription only
Nevirapine,Prescription only
Ziconotide,Prescription only
MoviPrep,Prescription only
Kombiglyze XR,Prescription only
Oramorph SR,Prescription only
Focalin,Prescription only
Minivelle,Prescription only
Tri-Lo-Estarylla,Availability information not found.
Xifaxan,Prescription only
Xyzal,Prescription only
Sustiva,Prescription only
Citalopram,Prescription only
Premarin,Prescription only
HalfLytely and Bisacodyl,Prescription only
Nicoderm CQ,Availability information not found.
Cafergot,Prescription only
Cozaar,Prescription only
Fortesta,Prescription only
Aldactazide,Prescription only
Epidrin,Discontinued
Norflex,Discontinued
Terazosin,Prescription only
Dolobid,Prescription only
Caverject,Prescription only
Bextra,Discontinued
Citric acid / magnesium oxide / sodium picosulfate,Availability information not found.
Terazol 7,Discontinued
Monopril,Discontinued
Epiduo,Availability information not found.
Ex-Lax Maximum Relief Formula,Rx and/or OTC
Sertraline,Prescription only
Hydrochlorothiazide,Prescription only
Eplerenone,Prescription only
Mysoline,Prescription only
Bisoprolol / hydrochlorothiazide,Prescription only
Excedrin Sinus Headache,Availability information not found.
Tylenol 8 Hour,Availability information not found.
B3-500-Gr,Rx and/or OTC
Benzoyl peroxide / salicylic acid,Availability information not found.
Yasmin,Prescription only
Targiniq ER,Discontinued
Nikki,Prescription only
Propranolol,Prescription only
Valacyclovir,Prescription only
Vancomycin,Prescription only
Seroquel,Prescription only
Toviaz,Prescription only
Magnesium hydroxide,Rx and/or OTC
Hydrocortisone,Prescription only
Duramorph,Availability information not found.
Omeprazole,Rx and/or OTC
Provera,Prescription only
Lacosamide,Prescription only
Delsym 12 Hour Cough Relief,Rx and/or OTC
Plan B,Over the counter
Protriptyline,Prescription only
Calcitriol,Prescription only
Odefsey,Prescription only
Retapamulin,Availability information not found.
Nalbuphine,Prescription only
Doral,Prescription only
Excedrin,Over the counter
Clotrimazole,Prescription only
Novolin 70 / 30,Over the counter
Fleet Phospho Soda,Rx and/or OTC
Celebrex,Prescription only
Edarbi,Prescription only
Buprenorphine,Prescription only
Bupivacaine liposome,Prescription only
Ibandronate,Prescription only
Balziva,Prescription only
Chlorpheniramine / hydrocodone,Prescription only
Plexion Cleanser,Prescription only
Gonal-f,Prescription only
Zocor,Prescription only
Cholestyramine Light,Prescription only
Lincomycin,Prescription only
Insulin aspart,Prescription only
Tylenol,Rx and/or OTC
Levsin,Prescription only
Efavirenz / emtricitabine / tenofovir,Prescription only
D.H.E. 45,Prescription only
Olux,Prescription only
Tenex,Prescription only
Naprelan,Rx and/or OTC
Fleet Glycerin Suppositories Adult,Rx and/or OTC
Primlev,Prescription only
Basaglar,Availability information not found.
Triumeq,Prescription only
Dimethyl fumarate,Prescription only
Dolutegravir,Prescription only
Zofran,Prescription only
MetroCream,Prescription only
Azo-Cranberry,Over the counter
Motrin IB,Rx and/or OTC
Penicillin VK,Availability information not found.
Avanafil,Prescription only
Noroxin,Discontinued
Cefditoren,Discontinued
Compoz Nighttime Sleep Aid,Rx and/or OTC
Limbitrol,Prescription only
Doxy 100,Availability information not found.
Flomax,Prescription only
Trilisate,Discontinued
Abacavir / dolutegravir / lamivudine,Prescription only
Magnesium citrate,Rx and/or OTC
Oleptro,Discontinued
Rituximab,Prescription only
Viberzi,Prescription only
Pramosone,Prescription only
Levora,Prescription only
Gelusil,Over the counter
Vraylar,Prescription only
Ritalin LA,Prescription only
Yohimbine,Prescription only
Secobarbital,Discontinued
Alvesco,Prescription only
Toujeo Solostar,Prescription only
Incivek,Availability information not found.
Wellbutrin SR,Prescription only
Avar,Prescription only
Keppra,Prescription only
Pregnyl,Prescription only
Estradiol / norethindrone,Prescription only
Duavee,Prescription only
Vicodin HP,Discontinued
Drixoral Cold / Flu,Availability information not found.
Tylenol Arthritis Pain,Availability information not found.
Linezolid,Prescription only
Mirapex,Discontinued
Vistaril,Prescription only
Azathioprine,Prescription only
Repaglinide,Prescription only
Panlor DC,Availability information not found.
Quinapril,Prescription only
Oracea,Prescription only
Trifluoperazine,Prescription only
Vectical,Availability information not found.
Symlin,Availability information not found.
Phendiet,Discontinued
Inderal LA,Prescription only
Glucophage,Discontinued
L-methylfolate,Rx and/or OTC
Temazepam,Prescription only
Pioglitazone,Prescription only
Benadryl,Rx and/or OTC
Ezetimibe / simvastatin,Prescription only
Lo / Ovral-28,Discontinued
Orudis KT,Rx and/or OTC
Portia,Prescription only
Epivir,Prescription only
Abatacept,Prescription only
Liraglutide,Prescription only
Azithromycin Dose Pack,Availability information not found.
Aspirin / caffeine / salicylamide,Availability information not found.
Azor,Prescription only
Quazepam,Prescription only
Ketoprofen,Rx and/or OTC
Lorcaserin,Discontinued
Interferon alfa-2b,Prescription only
Prolia,Prescription only
Avapro,Prescription only
Esterified estrogens,Prescription only
Cephalexin,Prescription only
Moxifloxacin,Prescription only
Benadryl Allergy Sinus,Availability information not found.
Retin-A,Prescription only
Salicylic acid,Availability information not found.
NovoLog FlexPen,Prescription only
Zyprexa,Prescription only
Xodol,Prescription only
Lasix,Prescription only
Phenylephrine / pyrilamine,Rx and/or OTC
Normodyne,Prescription only
Lyza,Availability information not found.
Allegra,Rx and/or OTC
Advil PM,Over the counter
Clarifoam EF,Prescription only
Daytrana,Prescription only
Alclometasone,Availability information not found.
Fleet Enema,Rx and/or OTC
OnabotulinumtoxinA,Prescription only
Exubera,Discontinued
Pulmicort Turbuhaler,Discontinued
Amevive,Availability information not found.
Previfem,Prescription only
Livalo,Prescription only
Plan B One-Step,Over the counter
Robitussin CoughGels Long-Acting,Availability information not found.
Apidra,Prescription only
Avandia,Prescription only
Hydrochlorothiazide / irbesartan,Prescription only
Fosinopril,Prescription only
Benzoyl peroxide / hydrocortisone,Availability information not found.
Calcium carbonate,Over the counter
Suprenza,Discontinued
Insulin glargine,Prescription only
Blisovi Fe 1 / 20,Availability information not found.
Tenormin,Prescription only
Depo-Testosterone,Prescription only
OsmoPrep,Rx and/or OTC
Danocrine,Prescription only
Clindamax,Prescription only
Benzonatate,Prescription only
Caduet,Prescription only
Tylenol with Codeine #4,Discontinued
Alavert D-12 Hour Allergy and Sinus,Availability information not found.
Ribavirin,Prescription only
GaviLyte-G,Prescription only
Aleve,Rx and/or OTC
Metadate ER,Discontinued
Enemeez Mini,Rx and/or OTC
Salsalate,Prescription only
Cytomel,Prescription only
Fenofibric acid,Prescription only
Rebif Rebidose,Prescription only
Mobic,Prescription only
Zovia,Availability information not found.
Alyacen 1 / 35,Prescription only
Tussionex Pennkinetic,Prescription only
Atropine / hyoscyamine / phenobarbital / scopolamine,Availability information not found.
Edluar,Prescription only
Phrenilin,Prescription only
Novantrone,Prescription only
Delsym,Rx and/or OTC
Hypercare,Prescription only
Hysingla ER,Prescription only
Paxil,Prescription only
Hyoscyamine / methenamine / methylene blue / phenyl salicylate / sodium biphosphate,Prescription only
Maxalt-MLT,Prescription only
Riluzole,Prescription only
Kenalog-10,Prescription only
Iloperidone,Prescription only
Levocetirizine,Rx and/or OTC
Tiger Balm,Over the counter
Cobicistat / darunavir,Prescription only
Fiorinal,Prescription only
Magnesium sulfate / potassium sulfate / sodium sulfate,Availability information not found.
Invokana,Prescription only
Soma Compound,Prescription only
Oxtellar XR,Prescription only
Gemifloxacin,Prescription only
Asendin,Prescription only
Premphase,Prescription only
Ammonium lactate / halobetasol,Availability information not found.
Glycerin,Rx and/or OTC
Triavil,Prescription only
Amlodipine / benazepril,Prescription only
Falmina,Prescription only
Latuda,Prescription only
Nateglinide,Prescription only
Bazedoxifene / conjugated estrogens,Availability information not found.
Tri-Linyah,Prescription only
Dulcolax Laxative,Over the counter
Naproxen,Rx and/or OTC
Prialt,Prescription only
Bayer Aspirin,Rx and/or OTC
Adderall,Prescription only
Prepopik,Discontinued
Femtrace,Discontinued
Necon 1 / 35,Discontinued
Amiloride,Prescription only
Corgard,Prescription only
Tenuate,Discontinued
Lactulose,Prescription only
Truvada,Prescription only
Vestura,Discontinued
Singulair,Prescription only
Celexa,Prescription only
Vytorin,Prescription only
Chorionic gonadotropin (hcg),Availability information not found.
Hyalgan,Prescription only
Emtricitabine / tenofovir,Prescription only
Take Action,Over the counter
Risperdal,Prescription only
Flurandrenolide,Availability information not found.
Glumetza,Prescription only
Tofranil,Prescription only
Disalcid,Prescription only
Monovisc,Prescription only
Insulin glulisine,Prescription only
Fuzeon,Prescription only
Dronabinol,Prescription only
Ditropan,Discontinued
Vicodin,Discontinued
Desloratadine,Prescription only
Cheratussin AC,Prescription only
Chateal,Availability information not found.
Roxicodone,Prescription only
Psoriasin,Rx and/or OTC
Norco,Discontinued
Clinoril,Prescription only
Botox,Prescription only
Haloperidol,Prescription only
Labetalol,Prescription only
Methylcellulose,Rx and/or OTC
Uribel,Prescription only
Dalfampridine,Prescription only
Aspirin,Rx and/or OTC
Xyrem,Prescription only
Protonix IV,Availability information not found.
MetroGel-Vaginal,Prescription only
Acetaminophen / butalbital,Prescription only
Lyrica,Prescription only
Ondansetron,Prescription only
Lybrel,Availability information not found.
Pimtrea,Prescription only
Gelnique,Availability information not found.
Bioflavonoids,Rx and/or OTC
Vortioxetine,Prescription only
Progesterone,Rx and/or OTC
Calcium carbonate / simethicone,Over the counter
Famotidine,Rx and/or OTC
Constulose,Prescription only
Carbatrol,Prescription only
Children's Motrin,Availability information not found.
Budeprion XL,Prescription only
Daypro,Prescription only
Trintellix,Prescription only
Acetaminophen / tramadol,Prescription only
Abilify,Prescription only
Dolophine,Prescription only
Guanfacine,Prescription only
Procardia XL,Prescription only
Otezla,Prescription only
Elinest,Availability information not found.
Acetaminophen / diphenhydramine,Over the counter
Bontril Slow Release,Discontinued
MS Contin,Prescription only
Zovia 1 / 50,Prescription only
Neurontin,Prescription only
Tindamax,Prescription only
Pamine Forte,Prescription only
Ambien,Prescription only
Qvar,Prescription only
Diphenhydramine / naproxen,Over the counter
Conjugated estrogens / medroxyprogesterone,Prescription only
St. john's wort,Over the counter
Voltaren Gel,Availability information not found.
Zegerid OTC,Over the counter
Ludiomil,Discontinued
Theophylline,Prescription only
Sleep Aid,Availability information not found.
Budeprion SR,Prescription only
Synvisc,Prescription only
Nitroglycerin,Prescription only
Simvastatin,Prescription only
Oruvail,Rx and/or OTC
Cyclafem 1 / 35,Prescription only
Nexplanon,Availability information not found.
Microgestin 1 / 20,Prescription only
Lutera,Prescription only
Trixaicin HP,Rx and/or OTC
Doxylamine,Rx and/or OTC
Trezix,Prescription only
Tegaserod,Prescription only
Genvoya,Prescription only
Levoxyl,Prescription only
Desogestrel / ethinyl estradiol,Availability information not found.
Orlistat,Rx and/or OTC
Compro,Rx and/or OTC
Rexulti,Prescription only
Micon 7,Rx and/or OTC
Actos,Prescription only
Invega,Prescription only
Ketoconazole,Prescription only
Aubra,Availability information not found.
Estropipate,Prescription only
Viorele,Prescription only
Atralin,Prescription only
Ciclesonide,Prescription only
Xeljanz,Prescription only
Axid,Over the counter
Nuvessa,Prescription only
Maxair,Availability information not found.
Flurbiprofen,Prescription only
Methocarbamol,Prescription only
Esgic,Discontinued
Silenor,Prescription only
Humalog Mix 75 / 25,Prescription only
Zantac,Discontinued
Morphine / naltrexone,Prescription only
Benzphetamine,Prescription only
Coreg CR,Prescription only
Sterapred DS,Prescription only
Fexmid,Prescription only
Medrol,Prescription only
BP Wash,Availability information not found.
Clindamycin / tretinoin,Availability information not found.
Aripiprazole,Prescription only
Zantac 150,Discontinued
Glyburide,Prescription only
Estarylla,Prescription only
Celecoxib,Prescription only
Tessalon,Prescription only
Miacalcin Nasal,Discontinued
Alahist LQ,Availability information not found.
Tekturna,Prescription only
Loestrin 21 1 / 20,Prescription only
Synthroid,Prescription only
Ortho-Novum 1 / 35,Discontinued
Desyrel Dividose,Prescription only
Kapidex,Discontinued
Actonel with Calcium,Availability information not found.
Dexedrine,Prescription only
Antivert,Rx and/or OTC
ZzzQuil,Rx and/or OTC
Rhinocort Aqua,Discontinued
Darunavir,Prescription only
Next Choice,Rx and/or OTC
Evolocumab,Prescription only
Dasabuvir / ombitasvir / paritaprevir / ritonavir,Prescription only
Pamine,Prescription only
Dilaudid-HP,Prescription only
Carbamazepine,Prescription only
Afrezza,Availability information not found.
Doxidan Tablet,Over the counter
Lamivudine / zidovudine,Prescription only
Boceprevir,Discontinued
Zoladex,Prescription only
Panlor SS,Prescription only
Insulin aspart / insulin degludec,Availability information not found.
Methylprednisolone,Prescription only
Clarinex-D 12 Hour,Prescription only
Atomoxetine,Prescription only
Vanatrip,Prescription only
Soriatane,Prescription only
Parafon Forte DSC,Prescription only
Implanon,Discontinued
Amphetamine,Prescription only
Alemtuzumab,Prescription only
Serax,Prescription only
Lorzone,Discontinued
Lidex,Prescription only
Duragesic,Prescription only
Jencycla,Availability information not found.
Revia,Discontinued
Penlac,Availability information not found.
Plendil,Discontinued
Ampicillin,Prescription only
Ergomar,Prescription only
Farxiga,Prescription only
Maxair Autohaler,Availability information not found.
Auranofin,Prescription only
Acetaminophen / butalbital / caffeine / codeine,Prescription only
Verapamil,Prescription only
Ledipasvir / sofosbuvir,Prescription only
Rozex,Availability information not found.
Olopatadine,Prescription only
Phentride,Availability information not found.
Cipro,Prescription only
Gianvi,Prescription only
Relafen,Discontinued
Selzentry,Prescription only
depo-subQ provera 104,Prescription only
Microzide,Prescription only
Flagyl ER,Prescription only
Axid AR,Over the counter
Methenamine,Rx and/or OTC
Lunesta,Prescription only
Vimovo,Prescription only
Exforge,Prescription only
Bisacodyl,Over the counter
Acetaminophen / butalbital / caffeine,Prescription only
Arthrotec,Prescription only
Mucinex DM,Rx and/or OTC
Tegretol,Prescription only
Caziant,Prescription only
Amlodipine,Prescription only
Ritalin-SR,Prescription only
Viramune,Prescription only
Somnote,Prescription only
Cyclessa,Prescription only
Nicotine,Rx and/or OTC
Eskalith,Availability information not found.
Simponi Aria,Prescription only
Gabitril,Prescription only
Atarax,Discontinued
Cartia XT,Prescription only
Estradiol Patch,Prescription only
Codeine / promethazine,Prescription only
Methotrexate,Prescription only
Diazepam,Prescription only
Ponstel,Prescription only
Drixoral Cold and Allergy,Rx and/or OTC
Migergot,Prescription only
Cefprozil,Prescription only
Menthol,Availability information not found.
Secukinumab,Prescription only
Pravastatin,Prescription only
Adalimumab,Prescription only
Heather,Availability information not found.
Advil,Rx and/or OTC
Nadolol,Prescription only
Desquam-X Wash,Rx and/or OTC
Raloxifene,Prescription only
Uroxatral,Prescription only
Aspirin / carisoprodol,Rx and/or OTC
Urispas,Discontinued
Lamictal,Prescription only
Synvisc-One,Prescription only
Philith,Availability information not found.
Nitro-Dur,Prescription only
Niacin / simvastatin,Discontinued
Robitussin Cough + Chest Congestion DM,Rx and/or OTC
Abacavir / lamivudine / zidovudine,Prescription only
Iophen-C NR,Discontinued
Robaxin-750,Prescription only
Jublia,Prescription only
Nortriptyline,Prescription only
Plegridy,Prescription only
Simponi,Prescription only
Anafranil,Prescription only
Aluminum hydroxide / magnesium trisilicate,Availability information not found.
Imuran,Prescription only
Aptiom,Prescription only
Delatestryl,Prescription only
Tylox,Discontinued
Zenatane,Prescription only
Neoral,Prescription only
Theo-24,Prescription only
Naltrexone,Prescription only
Peginterferon beta-1a,Prescription only
Striant,Prescription only
Fetzima,Prescription only
Milk of Magnesia,Rx and/or OTC
Drospirenone / ethinyl estradiol,Availability information not found.
Belviq XR,Discontinued
Taclonex,Prescription only
Zoloft,Prescription only
Nystatin,Prescription only
Advil Liqui-Gels,Availability information not found.
Testosterone,Prescription only
Claritin,Rx and/or OTC
CombiPatch,Prescription only
Erythromycin,Prescription only
Topicort,Prescription only
Dasetta 7 / 7 / 7,Availability information not found.
Abacavir / lamivudine,Prescription only
Loestrin 21 1.5 / 30,Prescription only
Intermezzo,Discontinued
Ambien CR,Prescription only
Pulmicort Respules,Prescription only
Losartan,Prescription only
Acetohydroxamic acid,Prescription only
Kadian,Prescription only
AirDuo Respiclick,Prescription only
Homatropine / hydrocodone,Prescription only
Montelukast,Prescription only
Astepro,Prescription only
Abilify Discmelt,Prescription only
Molindone,Discontinued
Dapagliflozin,Prescription only
Dicyclomine,Prescription only
Acetaminophen / aspirin / caffeine,Over the counter
Norvasc,Prescription only
Antabuse,Prescription only
Venlafaxine,Prescription only
Selegiline,Prescription only
Glatopa,Availability information not found.
Dymista,Prescription only
Linaclotide,Prescription only
Foradil Aerolizer,Prescription only
Ethinyl estradiol / norgestrel,Prescription only
Loestrin Fe 1.5 / 30,Prescription only
Avinza,Discontinued
Azelastine,Availability information not found.
Belladonna,Prescription only
Apri,Prescription only
Pyridoxine,Rx and/or OTC
Actemra,Prescription only
Micrainin,Availability information not found.
Skyla,Prescription only
Indapamide,Prescription only
Irbesartan,Prescription only
Tri-Previfem,Prescription only
Budesonide,Prescription only
Omega-3 polyunsaturated fatty acids,Rx and/or OTC
Bioflavonoids / zinc glycinate,Availability information not found.
Humalog,Prescription only
Dulcolax,Over the counter
Flagyl,Prescription only
Kaletra,Prescription only
Sinequan,Prescription only
Nexium IV,Prescription only
Viibryd,Prescription only
Carvedilol,Prescription only
Xigduo XR,Prescription only
Ginger,Rx and/or OTC
Brompheniramine,Rx and/or OTC
Clarinex,Prescription only
Alogliptin,Prescription only
Brimonidine,Availability information not found.
Acetaminophen,Rx and/or OTC
Eletriptan,Prescription only
Dilaudid,Prescription only
Prednicot,Availability information not found.
Thorazine,Prescription only
Alupent,Discontinued
Metoclopramide,Prescription only
Nasacort AQ,Over the counter
Melatonin,Rx and/or OTC
Disulfiram,Prescription only
Phentermine,Prescription only
Esgic-Plus,Prescription only
Feldene,Prescription only
Levonorgestrel,Rx and/or OTC
Altavera,Prescription only
Exparel,Prescription only
Kenalog,Prescription only
Inspra,Prescription only
Pernox,Availability information not found.
Brompheniramine / pseudoephedrine,Rx and/or OTC
Miltown,Prescription only
Butabarbital,Discontinued
Amlodipine / valsartan,Prescription only
Zecuity,Availability information not found.
Orudis,Rx and/or OTC
Acetaminophen / caffeine / isometheptene mucate,Availability information not found.
Endocet,Discontinued
Nortrel 7 / 7 / 7,Prescription only
Verelan,Prescription only
Larin Fe 1.5 / 30,Availability information not found.
Atenolol / chlorthalidone,Prescription only
Finacea,Prescription only
Generess Fe,Availability information not found.
Effexor XR,Prescription only
Fanapt,Prescription only
Methyl salicylate,Availability information not found.
Ativan,Prescription only
Methergine,Prescription only
Doxepin,Prescription only
IBU,Discontinued
Estrace,Prescription only
Prochlorperazine,Rx and/or OTC
Retin A Micro,Prescription only
Loestrin 24 Fe,Availability information not found.
Tri-Sprintec,Prescription only
Soolantra,Availability information not found.
Proventil HFA,Prescription only
Altoprev,Prescription only
Choline salicylate / magnesium salicylate,Availability information not found.
Robaxin,Prescription only
Bactrim DS,Prescription only
Deconamine,Rx and/or OTC
Sanctura,Discontinued
Hydrochlorothiazide / triamterene,Prescription only
Factive,Prescription only
Mono-Linyah,Prescription only
Pirmella 1 / 35,Availability information not found.
Ashlyna,Availability information not found.
Dextromethorphan / promethazine,Prescription only
Hyzaar,Prescription only
Prednisone,Prescription only
Lidoderm,Prescription only
Darvon,Discontinued
Ketorolac,Prescription only
Reglan,Availability information not found.
Nucynta ER,Prescription only
Dapsone,Prescription only
Chlorthalidone,Prescription only
Brisdelle,Prescription only
Bentyl,Prescription only
Zegerid,Prescription only
Intuniv,Prescription only
Tinidazole,Prescription only
Zafirlukast,Prescription only
Percocet,Prescription only
Glucovance,Prescription only
Acamprosate,Prescription only
Relpax,Prescription only
Clindesse,Prescription only
Prezista,Prescription only
Prozac Weekly,Prescription only
Twynsta,Prescription only
Chlorpheniramine / pseudoephedrine,Rx and/or OTC
Prazosin,Prescription only
Novolin N,Over the counter
Mirvaso,Prescription only
Tekturna HCT,Prescription only
Dolgic Plus,Availability information not found.
Virtussin A / C,Availability information not found.
S-adenosylmethionine,Over the counter
Prosom,Prescription only
Byetta,Prescription only
Natesto,Prescription only
Sodium hyaluronate,Prescription only
Isotretinoin,Prescription only
Wal-finate,Rx and/or OTC
MetroGel,Prescription only
Ex-Lax Regular Strength Pills,Rx and/or OTC
Enbrel,Prescription only
Boniva,Prescription only
Ortho Evra,Discontinued
Forfivo XL,Prescription only
Zomig-ZMT,Prescription only
Orthovisc,Prescription only
Armodafinil,Prescription only
Luvox,Prescription only
Etodolac,Prescription only
Nora-Be,Discontinued
Euflexxa,Prescription only
Climara Pro,Prescription only
Hydrocortisone / pramoxine,Prescription only
Amoxil,Prescription only
Oxyfast,Prescription only
Xanax XR,Prescription only
Caltrate 600+D,Over the counter
Asenapine,Prescription only
Daclatasvir,Discontinued
Feverall,Rx and/or OTC
Magnesium oxide,Rx and/or OTC
Escitalopram,Prescription only
Janumet,Prescription only
Etonogestrel,Prescription only
Nabilone,Prescription only
Zithromax,Prescription only
Qsymia,Prescription only
Glecaprevir / pibrentasvir,Prescription only
Suboxone,Prescription only
Tamsulosin,Prescription only
Ortho-Novum 7 / 7 / 7,Prescription only
Alprazolam,Prescription only
Aviane,Prescription only
Norethindrone,Prescription only
Tarka,Prescription only
Femring,Prescription only
Chloramphenicol,Availability information not found.
Advicor,Availability information not found.
Acetaminophen / pentazocine,Rx and/or OTC
Mirena,Prescription only
Empagliflozin / linagliptin,Prescription only
Glucosamine,Rx and/or OTC
Soma,Prescription only
Acthar,Availability information not found.
Sulfamethoxazole / trimethoprim,Prescription only
OxyContin,Prescription only
Chantix,Discontinued
Ciprofloxacin,Prescription only
Lortab,Discontinued
Rocephin,Discontinued
Furosemide,Prescription only
Doxycycline,Prescription only
Velivet,Prescription only
Tigan,Prescription only
Amoxicillin,Prescription only
Lioresal,Prescription only
Vivitrol,Prescription only
Anucort-HC,Rx and/or OTC
Tarina Fe 1 / 20,Availability information not found.
Motrin,Rx and/or OTC
Kerydin,Prescription only
Zestoretic,Prescription only
Percodan,Prescription only
Nexium,Prescription only
Nasacort Allergy 24HR,Availability information not found.
Tavaborole,Availability information not found.
Zorvolex,Prescription only
Amlodipine / hydrochlorothiazide / olmesartan,Prescription only
Capzasin-P,Rx and/or OTC
Pulmicort Flexhaler,Prescription only
Midol PM,Over the counter
Bunavail,Availability information not found.
Cialis,Prescription only
Bisoprolol,Prescription only
Ery Pads,Availability information not found.
Ropinirole,Prescription only
Ventolin HFA,Prescription only
Amethia,Availability information not found.
Benazepril / hydrochlorothiazide,Prescription only
Dulaglutide,Prescription only
Excedrin Tension Headache,Over the counter
Transderm-Scop,Prescription only
Glimepiride / pioglitazone,Prescription only
Movantik,Prescription only
Differin,Rx and/or OTC
Memantine,Prescription only
Flunisolide,Availability information not found.
Ceftin,Prescription only
Megace,Prescription only
Kenalog-40,Prescription only
Amaryl,Prescription only
Guaifenesin,Rx and/or OTC
Emtricitabine / rilpivirine / tenofovir,Prescription only
Accutane,Prescription only
Ziprasidone,Prescription only
Amrix,Prescription only
Premarin Vaginal,Prescription only
PanOxyl,Over the counter
Methylphenidate,Prescription only
TriNessa,Discontinued
Tribenzor,Prescription only
Januvia,Prescription only
Amitriptyline / chlordiazepoxide,Prescription only
Embeline,Availability information not found.
Nefazodone,Prescription only
Gabapentin enacarbil,Prescription only
Insulin lispro / insulin lispro protamine,Availability information not found.
Lotensin,Prescription only
Gabarone,Prescription only
Pindolol,Prescription only
Kazano,Prescription only
Cenestin,Prescription only
"Insulin inhalation, rapid acting",Availability information not found.
Hydrochlorothiazide / lisinopril,Prescription only
Bactrim,Prescription only
Mibelas 24 Fe,Availability information not found.
Aplenzin,Prescription only
Pegasys,Prescription only
Seconal,Availability information not found.
Calan SR,Prescription only
Alirocumab,Prescription only
Aldomet,Discontinued
Etravirine,Prescription only
Excedrin Quick Tab,Availability information not found.
Cloderm,Prescription only
Buspirone,Prescription only
Risperidone,Prescription only
Ephedrine,Availability information not found.
Allegra Allergy,Over the counter
Ortho Tri-Cyclen,Discontinued
Emtricitabine / rilpivirine / tenofovir alafenamide,Availability information not found.
Seconal Sodium,Discontinued
Diphenhydramine,Rx and/or OTC
MG217 Medicated Tar,Rx and/or OTC
Remeron,Prescription only
Hyoscyamine / methenamine / methylene blue / sodium biphosphate,Availability information not found.
Tazarotene,Availability information not found.
Advil Migraine,Rx and/or OTC
Camila,Prescription only
Benzoyl peroxide,Rx and/or OTC
Nasarel,Prescription only
Denosumab,Prescription only
Excedrin PM,Over the counter
Hyaluronan,Prescription only
Trizivir,Prescription only
Acetaminophen / dexbrompheniramine / pseudoephedrine,Rx and/or OTC
Loratadine / pseudoephedrine,Over the counter
Desogen,Prescription only
Buproban,Prescription only
Rifaximin,Prescription only
Meridia,Discontinued
Terconazole,Availability information not found.
Unisom SleepMelts,Rx and/or OTC
Tylenol with Codeine,Availability information not found.
Cefdinir,Prescription only
Rapaflo,Prescription only
Lioresal Intrathecal,Availability information not found.
Lodine,Discontinued
Pemoline,Discontinued
Actonel,Prescription only
Proscar,Prescription only
Decadron,Discontinued
Medrol Dosepak,Prescription only
ella,Prescription only
Bendroflumethiazide / nadolol,Prescription only
Omnaris,Prescription only
Dovonex,Prescription only
Acetaminophen / dichloralphenazone / isometheptene mucate,Availability information not found.
Benadryl Allergy,Rx and/or OTC
Mirtazapine,Prescription only
Garlic,Over the counter
Aluminum hydroxide / magnesium hydroxide / simethicone,Over the counter
Verelan PM,Prescription only
Lantus,Prescription only
Chlorpheniramine / phenylephrine,Rx and/or OTC
Calan,Discontinued
Terazol,Availability information not found.
Methyldopa,Prescription only
Toradol IV / IM,Discontinued
Hexachlorophene,Availability information not found.
Ibuprofen,Rx and/or OTC
Kava,Unknown
Darvocet-N 50,Discontinued
Diclofenac,Prescription only
Methyltestosterone,Prescription only
Junel 1.5 / 30,Prescription only
Prandin,Prescription only
Phentermine / topiramate,Prescription only
Librax,Prescription only
Trivora,Prescription only
Junel 1 / 20,Prescription only
Acebutolol,Prescription only
Ethinyl estradiol / folic acid / levonorgestrel,Prescription only
Keflex,Prescription only
Kariva,Prescription only
Minoxidil,Prescription only
Jolessa,Prescription only
Imipramine,Prescription only
Rizatriptan,Prescription only
Senexon,Rx and/or OTC
Monistat 7,Rx and/or OTC
Tranylcypromine,Prescription only
Vilazodone,Prescription only
Ribasphere,Discontinued
Tenuate Dospan,Prescription only
Lopinavir / ritonavir,Prescription only
Oxaydo,Prescription only
Diethylpropion,Prescription only
Vantin,Prescription only
Chondroitin / glucosamine / methylsulfonylmethane,Availability information not found.
Stelara,Prescription only
Aspirin / butalbital / caffeine,Prescription only
Amitriptyline,Prescription only
Rebif,Prescription only
Halobetasol,Availability information not found.
Dihydroergotamine,Prescription only
Quetiapine,Prescription only
Inapsine,Prescription only
Methylnaltrexone,Availability information not found.
Lessina,Prescription only
Levitra,Discontinued
Clozaril,Prescription only
Wellbutrin,Discontinued
Xylocaine Jelly,Rx and/or OTC
Xopenex,Prescription only
Loratadine,Rx and/or OTC
Meloxicam,Prescription only
Amitiza,Prescription only
Tylenol PM,Over the counter
Norgesic Forte,Discontinued
Doxazosin,Prescription only
Clonazepam,Prescription only
Penicillin g benzathine,Prescription only
Alli,Over the counter
Eskalith-CR,Discontinued
Acetaminophen / phenylephrine,Over the counter
Colyte,Prescription only
Vitamin B2,Rx and/or OTC
CellCept,Prescription only
Brexpiprazole,Prescription only
Clindagel,Prescription only
Mometasone,Availability information not found.
Avalide,Prescription only
Prinzide,Prescription only
Provigil,Prescription only
Nifedical XL,Prescription only
Aliskiren / hydrochlorothiazide,Prescription only
Valium,Prescription only
Intal,Prescription only
Blisovi Fe 1.5 / 30,Availability information not found.
Betamethasone / calcipotriene,Availability information not found.
Catapres-TTS,Prescription only
Tri-Lo-Sprintec,Prescription only
Tiotropium,Availability information not found.
Ziac,Prescription only
Avita,Prescription only
Anakinra,Prescription only
Intelence,Prescription only
Dulera,Prescription only
Oxydose,Availability information not found.
Dextromethorphan / guaifenesin,Rx and/or OTC
Exalgo,Discontinued
Metamucil,Over the counter
AndroGel,Prescription only
Sanctura XR,Discontinued
Flonase Sensimist,Prescription only
Phosphasal,Prescription only
Fingolimod,Prescription only
Brivaracetam,Prescription only
Coal tar,Rx and/or OTC
Univasc,Discontinued
Relistor,Availability information not found.
Mucinex,Rx and/or OTC
Hiprex,Rx and/or OTC
Topicort LP,Discontinued
Scopolamine,Prescription only
Augmentin,Prescription only
Levaquin,Prescription only
Magnesium salicylate,Rx and/or OTC
Epzicom,Prescription only
Lemtrada,Prescription only
Toujeo,Availability information not found.
Buprenex,Prescription only
Pedi-Dri,Discontinued
Desyrel,Prescription only
Mimvey,Prescription only
Levlen,Prescription only
Lorazepam,Prescription only
Scytera,Rx and/or OTC
Nardil,Prescription only
Triazolam,Prescription only
Promethazine,Prescription only
Combivir,Prescription only
Rajani,Availability information not found.
Sporanox,Prescription only
Duloxetine,Prescription only
Larissia,Availability information not found.
Adzenys XR-ODT,Prescription only
Victoza,Prescription only
Aspirin / caffeine / orphenadrine,Prescription only
Nicotrol NS,Rx and/or OTC
Insulin regular,Rx and/or OTC
Absorica,Prescription only
Olanzapine,Prescription only
Absorbine Jr.,Availability information not found.
Cefzil,Prescription only
Adapalene / benzoyl peroxide,Availability information not found.
Glyset,Prescription only
Doans Pills Extra Strength,Rx and/or OTC
Introvale,Availability information not found.
Zelnorm,Availability information not found.
Nexium 24HR,Prescription only
Evista,Prescription only
Pseudoephedrine / triprolidine,Rx and/or OTC
Fluticasone / vilanterol,Prescription only
Adderall XR,Prescription only
B & O Supprettes,Availability information not found.
Myophen,Availability information not found.
Dienogest / estradiol,Prescription only
Solodyn,Prescription only
Biaxin,Prescription only
Valproic acid,Prescription only
Lithobid,Prescription only
Dramamine,Rx and/or OTC
Noritate,Prescription only
Amoxapine,Prescription only
Prozac,Prescription only
Lopid,Prescription only
Reprexain,Prescription only
Imitrex Statdose,Prescription only
Jentadueto,Prescription only
TussiCaps,Prescription only
Norlyda,Availability information not found.
Inderal,Discontinued
Azurette,Prescription only
Teriflunomide,Prescription only
Lincocin,Prescription only
Meperitab,Availability information not found.
Humalog KwikPen,Prescription only
Diazepam Intensol,Prescription only
Acetaminophen / caffeine,Over the counter
Ritonavir,Prescription only
Betaseron,Prescription only
Keppra XR,Prescription only
Cimetidine,Rx and/or OTC
Micardis HCT,Prescription only
Briviact,Availability information not found.
Clomipramine,Prescription only
Vicks Formula 44,Rx and/or OTC
ProAir RespiClick,Prescription only
Mevacor,Prescription only
Invega Trinza,Prescription only
Angeliq,Prescription only
Benicar HCT,Prescription only
Climara,Prescription only
Cymbalta,Prescription only
Natazia,Prescription only
Dazidox,Prescription only
Hydroxyzine,Prescription only
Cardizem,Prescription only
Rosiglitazone,Prescription only
Methylin,Prescription only
Albiglutide,Prescription only
H.P. Acthar Gel,Availability information not found.
Damiana,Unknown
Canagliflozin,Prescription only
Cleocin,Availability information not found.
Trolamine salicylate,Availability information not found.
Harvoni,Prescription only
Diastat AcuDial,Prescription only
Saxenda,Prescription only
Tocilizumab,Prescription only
Emetrol,Availability information not found.
Desvenlafaxine,Prescription only
Goserelin,Prescription only
Lisdexamfetamine,Prescription only
Benicar,Prescription only
Bontril PDM,Discontinued
Fexofenadine / pseudoephedrine,Rx and/or OTC
Lithostat,Prescription only
Lopressor,Prescription only
Neupro,Prescription only
Valturna,Availability information not found.
Benzaclin,Prescription only
Deltasone,Availability information not found.
Nature-Throid,Prescription only
FiberCon,Over the counter
Advair HFA,Prescription only
Konsyl,Over the counter
Safyral,Prescription only
Azelastine / fluticasone,Availability information not found.
Sodium oxybate,Prescription only
Aygestin,Discontinued
Zarontin,Prescription only
Chloral hydrate,Prescription only
Orencia,Prescription only
Inova 4 / 1,Availability information not found.
Monistat 3-Day Combination Pack,Availability information not found.
Lorabid,Availability information not found.
Calcium carbonate / risedronate,Over the counter
Naprosyn,Rx and/or OTC
Abilify Maintena,Prescription only
Risperdal Consta,Prescription only
Allegra-D 12 Hour,Rx and/or OTC
Aspirin / oxycodone,Prescription only
Tegretol XR,Prescription only
Cetirizine / pseudoephedrine,Rx and/or OTC
Codeine / guaifenesin,Prescription only
Augmentin XR,Prescription only
Dexamethasone,Prescription only
Cardura,Prescription only
Trimipramine,Prescription only
Cholestyramine,Prescription only
Soma Compound with Codeine,Prescription only
Symbyax,Prescription only
Elocon,Prescription only
Prempro,Prescription only
Xtampza ER,Prescription only
ParaGard,Availability information not found.
Dexchlorpheniramine / dextromethorphan / pseudoephedrine,Rx and/or OTC
Tivicay,Prescription only
Prevacid,Prescription only
Trandolapril / verapamil,Prescription only
Deblitane,Availability information not found.
Aspirin / caffeine,Over the counter
Olmesartan,Prescription only
Drospirenone / estradiol,Prescription only
Oxycodone,Prescription only
Nortrel 1 / 35,Prescription only
Hydrochlorothiazide / moexipril,Prescription only
Chlorpromazine,Prescription only
Lovastatin / niacin,Prescription only
Phenohytro,Prescription only
ConZip,Prescription only
Jardiance,Prescription only
Tolmetin,Prescription only
Stadol,Availability information not found.
Depakene,Prescription only
Desipramine,Prescription only
Uniretic,Availability information not found.
Hydrochlorothiazide / valsartan,Prescription only
Sulfur,Availability information not found.
Protonix,Prescription only
Phenytek,Prescription only
Ortho Tri-Cyclen Lo,Discontinued
Children's Claritin Allergy,Availability information not found.
Fostex Medicated,Availability information not found.
Butorphanol,Prescription only
Oxybutynin,Rx and/or OTC
Zetia,Prescription only
Lupron,Prescription only
Tessalon Perles,Prescription only
Clorazepate,Prescription only
Hyoscyamine,Prescription only
Questran,Discontinued
Cleocin Ovules,Prescription only
Campral,Discontinued
Niaspan,Availability information not found.
Actiq,Prescription only
Dextroamphetamine,Prescription only
Methylergonovine,Prescription only
Cyclobenzaprine,Prescription only
Symbicort,Availability information not found.
Enfuvirtide,Prescription only
Detrol,Prescription only
Fioricet with Codeine,Prescription only
Hydrocodone,Prescription only
Semprex-D,Prescription only
Naloxone / pentazocine,Prescription only
Gildess Fe 1.5 / 30,Availability information not found.
Stribild,Prescription only
Follicle stimulating hormone,Prescription only
Nebivolol,Prescription only
Omnicef,Discontinued
Lorazepam Intensol,Prescription only
Rhinocort,Discontinued
Crestor,Prescription only
Atorvastatin,Prescription only
Rebetol,Prescription only
Gilenya,Prescription only
Ovcon 35,Discontinued
Levetiracetam,Prescription only
Nonoxynol 9,Availability information not found.
Restoril,Prescription only
Ridaura,Prescription only
Senokot,Rx and/or OTC
Famotidine / ibuprofen,Prescription only
Carbinoxamine,Prescription only
Hyzine,Availability information not found.
Hydrocodone / ibuprofen,Prescription only
Dutasteride / tamsulosin,Prescription only
Prometrium,Rx and/or OTC
Goody's Extra-Strength Headache Powders,Availability information not found.
Tasimelteon,Prescription only
Low-Ogestrel-21,Prescription only
Glatiramer,Prescription only
Valtrex,Prescription only
Synarel,Prescription only
Klonopin Wafer,Prescription only
Levomilnacipran,Prescription only
Dexbrompheniramine / pseudoephedrine,Rx and/or OTC
Hydralazine,Prescription only
Stendra,Prescription only
Hydralazine / hydrochlorothiazide / reserpine,Availability information not found.
Flagyl IV,Prescription only
Pravachol,Discontinued
Nicotrol Inhaler,Rx and/or OTC
Fluvoxamine,Prescription only
Insulin isophane,Over the counter
Fentora,Prescription only
Balacet,Discontinued
Eszopiclone,Prescription only
Pedipirox-4,Discontinued
Atacand,Prescription only
Paroxetine,Prescription only
Capsin,Rx and/or OTC
Mitoxantrone,Prescription only
Anacin,Over the counter
Suprep Bowel Prep Kit,Prescription only
Atazanavir,Prescription only
Sulfazine,Discontinued
Metoprolol,Prescription only
Onglyza,Prescription only
Perindopril,Prescription only
Muse,Prescription only
Tolectin DS,Availability information not found.
Exenatide,Prescription only
Minipress,Prescription only
Unasyn,Prescription only
Salmeterol,Prescription only
Ansaid,Prescription only
Depo-Provera,Prescription only
Uta,Prescription only
Penicillin v potassium,Prescription only
NP Thyroid,Prescription only
Gildess 1 / 20,Availability information not found.
Zonegran,Prescription only
Naloxone / oxycodone,Discontinued
Varenicline,Prescription only
Microgestin 1.5 / 30,Prescription only
Ergotamine,Prescription only
Duexis,Prescription only
GaviLyte-C,Prescription only
Lo / Ovral,Discontinued
Commit,Rx and/or OTC
Sitagliptin,Prescription only
Benzoyl peroxide / clindamycin,Availability information not found.
Senna Lax,Rx and/or OTC
Lithium,Prescription only
Cromolyn,Availability information not found.
Hydroxychloroquine,Prescription only
Tri-Lo-Marzia,Prescription only
ProAir HFA,Prescription only
Gildess Fe 1 / 20,Availability information not found.
Diphenhydramine / ibuprofen,Over the counter
Sublimaze,Availability information not found.
Glipizide / metformin,Prescription only
Novolog,Prescription only
Pirbuterol,Availability information not found.
Fentanyl Transdermal System,Availability information not found.
Blisovi 24 Fe,Availability information not found.
Indomethacin,Prescription only
Halcion,Prescription only
Anaprox-DS,Rx and/or OTC
Nasonex,Over the counter
Carisoprodol,Prescription only
Femcon Fe,Availability information not found.
Zyban,Discontinued
Benzocaine,Availability information not found.
Suvorexant,Prescription only
Mefenamic acid,Prescription only
Limbrel 500,Rx and/or OTC
Xerac AC,Over the counter
Veltin,Availability information not found.
Marlissa,Prescription only
Dilantin,Prescription only
Cataflam,Prescription only
Tradjenta,Prescription only
Sominex,Rx and/or OTC
NuLYTELY,Availability information not found.
Exforge HCT,Prescription only
BuSpar,Prescription only
Palladone,Prescription only
Fabior,Prescription only
Estrasorb,Discontinued
Acetaminophen / propoxyphene,Discontinued
Cyproheptadine,Prescription only
Toradol,Discontinued
Levemir,Prescription only
Complera,Prescription only
Pristiq,Prescription only
Interferon beta-1a,Prescription only
Sansert,Discontinued
Piroxicam,Prescription only
Aspirin / diphenhydramine,Rx and/or OTC
Trilafon,Discontinued
Valsartan,Prescription only
Omeprazole / sodium bicarbonate,Availability information not found.
T-Diet,Prescription only
Elestrin,Prescription only
Methadose,Prescription only
Vicoprofen,Availability information not found.
Levalbuterol,Prescription only
Duac,Prescription only
Desoxyn,Prescription only
Seasonale,Prescription only
Zarah,Prescription only
ActoPlus Met,Prescription only
Unisom SleepGels,Rx and/or OTC
Quillivant XR,Prescription only
Westhroid,Prescription only
Fesoterodine,Prescription only
Estradiol / levonorgestrel,Prescription only
Correctol,Over the counter
Limbrel,Rx and/or OTC
Amlodipine / olmesartan,Prescription only
Forteo,Prescription only
Sulfacetamide sodium / sulfur,Availability information not found.
Belsomra,Prescription only
Indocin,Prescription only
Zometa,Prescription only
Corticotropin,Prescription only
Amikacin,Prescription only
Isentress,Prescription only
Meperidine / promethazine,Discontinued
Aciphex,Prescription only
Dyazide,Prescription only
Skelaxin,Prescription only
Pentazocine,Discontinued
Geodon,Prescription only
Amlodipine / atorvastatin,Prescription only
Nifedipine,Prescription only
Zomig,Prescription only
Zubsolv,Prescription only
Levsin SL,Prescription only
Praluent,Availability information not found.
Pepcid AC Chewable Tablets,Availability information not found.
Androderm,Prescription only
Lupron Depot,Prescription only
Moderiba,Discontinued
Aspirin / butalbital / caffeine / codeine,Prescription only
Phosphorated carbohydrate solution,Availability information not found.
Fast Freeze,Over the counter
Solu-Medrol,Prescription only
Norinyl 1+35,Prescription only
VESIcare,Prescription only
Linagliptin,Prescription only
Linzess,Prescription only
Zyrtec-D 12 Hour,Availability information not found.
Fiorinal with Codeine,Prescription only
Citrate of Magnesia,Rx and/or OTC
Frova,Prescription only
Norpramin,Prescription only
Maxzide,Prescription only
Vanquish,Availability information not found.
Sulfatrim,Prescription only
Clocortolone,Availability information not found.
Dong quai,Unknown
Aftera,Availability information not found.
Megace ES,Prescription only
Mirabegron,Prescription only
Cobicistat / elvitegravir / emtricitabine / tenofovir alafenamide,Availability information not found.
Fosfomycin,Prescription only
Habitrol,Over the counter
Tanzeum,Prescription only
Psyllium,Over the counter
Propoxyphene,Discontinued
Lamotrigine,Prescription only
Trospium,Prescription only
Nembutal Sodium,Prescription only
Veramyst,Discontinued
Pamelor,Prescription only
Rheumatrex Dose Pack,Prescription only
Excedrin Back & Body,Over the counter
Phenergan,Prescription only
GlipiZIDE XL,Prescription only
Invega Sustenna,Prescription only
Niravam,Prescription only
Humulin N,Over the counter
Sofosbuvir / velpatasvir,Prescription only
Tizanidine,Prescription only
Cyclafem 7 / 7 / 7,Prescription only
EContra EZ,Discontinued
Phenelzine,Prescription only
Accolate,Prescription only
Medi-Quik Spray,Over the counter
Nuvigil,Prescription only
Ofloxacin,Prescription only
M-Zole 3,Rx and/or OTC
Benzamycin,Prescription only
Cobicistat / elvitegravir / emtricitabine / tenofovir,Prescription only
Tioconazole,Availability information not found.
Liothyronine,Prescription only
Ascomp with Codeine,Prescription only
Levacet,Availability information not found.
Zestril,Prescription only
Ampyra,Prescription only
Azelex,Prescription only
Butalbital Compound,Discontinued
OxyIR,Discontinued
Fluoxetine / olanzapine,Prescription only
Fexofenadine,Rx and/or OTC
Lubiprostone,Prescription only
Griseofulvin,Prescription only
Senna,Rx and/or OTC
Furadantin,Prescription only
Copper,Availability information not found.
Fallback Solo,Over the counter
Ogestrel-28,Prescription only
Sildenafil,Prescription only
Sucralfate,Prescription only
Advair Diskus,Prescription only
Rosuvastatin,Prescription only
Epitol,Prescription only
Oxcarbazepine,Prescription only
Cisapride,Discontinued
Clarithromycin,Prescription only
Evekeo,Prescription only
Strattera,Prescription only
Teriparatide,Prescription only
Azilsartan medoxomil / chlorthalidone,Availability information not found.
Amoxicillin / clavulanate,Prescription only
Cyclosporine,Prescription only
Colesevelam,Prescription only
Opana ER,Discontinued
Quasense,Discontinued
Depakote,Prescription only
Subutex,Discontinued
Dutasteride,Prescription only
Vanspar,Availability information not found.
Zovia 1 / 35,Prescription only
Acitretin,Prescription only
Chlorpheniramine / methscopolamine / pseudoephedrine,Availability information not found.
Ortho Cyclen,Discontinued
Uniphyl,Prescription only
Serzone,Prescription only
Lomaira,Prescription only
Dexmethylphenidate,Prescription only
Carafate,Prescription only
Cedax,Availability information not found.
Allegra ODT,Rx and/or OTC
Qudexy XR,Prescription only
Ultracet,Prescription only
Cordran Tape,Prescription only
Taclonex Scalp,Prescription only
Microgestin Fe 1.5 / 30,Prescription only
Synjardy,Prescription only
Equetro,Prescription only
Taytulla,Availability information not found.
Diclofenac / misoprostol,Prescription only
Menest,Prescription only
Promethazine DM,Prescription only
Junel Fe 1.5 / 30,Prescription only
Drysol,Prescription only
Depo-Provera Contraceptive,Prescription only
Dextromethorphan,Rx and/or OTC
NovoLog Mix 70 / 30,Prescription only
Gold sodium thiomalate,Discontinued
Claritin-D 12 Hour,Over the counter
Calcium / vitamin d,Availability information not found.
Ziana,Prescription only
Levorphanol,Prescription only
Dexlansoprazole,Prescription only
InnoPran XL,Prescription only
Methamphetamine,Prescription only
Biaxin XL,Prescription only
Haldol,Prescription only
Fluconazole,Prescription only
Rozerem,Prescription only
Hytrin,Prescription only
Felodipine,Prescription only
Larin 24 Fe,Availability information not found.
Nicorette,Rx and/or OTC
Dulcolax Stool Softener,Over the counter
Loracarbef,Availability information not found.
Ditropan XL,Prescription only
Kyleena,Prescription only
Diflunisal,Prescription only
Topamax,Prescription only
Estradiol,Prescription only
Glyburide / metformin,Prescription only
Sumadan,Prescription only
Cetirizine,Rx and/or OTC
Epclusa,Prescription only
Sonata,Prescription only
Astelin,Rx and/or OTC
Omalizumab,Prescription only
Epiduo Forte,Availability information not found.
Depakote ER,Prescription only
Metadate CD,Prescription only
TriNessa Lo,Discontinued
Fleet Bisacodyl,Over the counter
Imitrex Nasal,Prescription only
Alfuzosin,Prescription only
Phenobarbital,Prescription only
Aspirin / carisoprodol / codeine,Prescription only
Riboflavin,Rx and/or OTC
Valdecoxib,Availability information not found.
Oxymetazoline,Availability information not found.
Levothyroxine,Prescription only
Bupropion,Prescription only
Alprazolam Intensol,Prescription only
Remicade,Prescription only
Vivelle-Dot,Prescription only
Butrans,Availability information not found.
Oxaprozin,Prescription only
Avonex,Prescription only
Alprostadil,Prescription only
Leflunomide,Prescription only
Loestrin Fe 1 / 20,Prescription only
Tadalafil,Prescription only
Humulin R U-500 (Concentrated),Availability information not found.
Limbitrol DS,Availability information not found.
Lurasidone,Prescription only
Red yeast rice,Rx and/or OTC
Ketamine,Prescription only
Hydrochlorothiazide / olmesartan,Prescription only
Fycompa,Prescription only
Acidophilus,Over the counter
Flurazepam,Prescription only
BenzEFoam,Availability information not found.
Diflucan,Prescription only
Glipizide,Prescription only
Efavirenz,Prescription only
Voltaren-XR,Prescription only
Nizoral,Discontinued
Daklinza,Discontinued
Cyclizine,Discontinued
Alsuma,Availability information not found.
Camphor / menthol,Availability information not found.
Intron A,Prescription only
Tazorac,Prescription only
Naratriptan,Prescription only
Micardis,Prescription only
Remeron SolTab,Prescription only
Milnacipran,Prescription only
Zohydro ER,Discontinued
Zetran,Availability information not found.
Peginterferon alfa-2a,Prescription only
Zenzedi,Prescription only
Hydromet,Prescription only
Trazodone,Prescription only
Perampanel,Prescription only
Mucinex Maximum Strength,Availability information not found.
Itraconazole,Prescription only
Interferon beta-1b,Prescription only
Amethia Lo,Availability information not found.
Monistat 1-Day or Night Combination Pack,Availability information not found.
